timestamp_utc	device_sample
2026-08-03T15:55:38Z	card0,0,0,0,N/A,0;;
2026-08-03T15:55:39Z	card0,0,0,0,N/A,0;;
2026-08-03T15:55:40Z	card0,0,0,0,N/A,0;;
2026-08-03T15:55:42Z	card0,0,0,0,N/A,0;;
2026-08-03T15:55:43Z	card0,1,0,0,N/A,0;;
2026-08-03T15:55:44Z	card0,0,0,0,N/A,0;;
2026-08-03T15:55:45Z	card0,0,0,0,N/A,0;;
2026-08-03T15:55:46Z	card0,0,0,0,N/A,0;;
2026-08-03T15:55:47Z	card0,0,0,0,N/A,0;;
2026-08-03T15:55:48Z	card0,0,0,0,N/A,0;;
2026-08-03T15:55:49Z	card0,0,0,0,N/A,0;;
2026-08-03T15:55:51Z	card0,0,0,0,N/A,0;;
2026-08-03T15:55:52Z	card0,0,0,0,N/A,0;;
2026-08-03T15:55:53Z	card0,0,0,0,N/A,0;;
2026-08-03T15:55:54Z	card0,0,0,0,N/A,0;;
2026-08-03T15:55:55Z	card0,0,0,0,N/A,0;;
2026-08-03T15:55:57Z	card0,0,0,0,N/A,0;;
2026-08-03T15:55:58Z	card0,0,0,0,N/A,0;;
2026-08-03T15:55:59Z	card0,1,0,0,N/A,0;;
2026-08-03T15:56:00Z	card0,0,0,0,N/A,0;;
2026-08-03T15:56:01Z	card0,0,0,0,N/A,0;;
2026-08-03T15:56:02Z	card0,0,0,0,N/A,0;;
2026-08-03T15:56:04Z	card0,0,0,0,N/A,0;;
2026-08-03T15:56:05Z	card0,0,0,0,N/A,0;;
2026-08-03T15:56:06Z	card0,0,0,0,N/A,0;;
2026-08-03T15:56:07Z	card0,0,0,0,N/A,0;;
2026-08-03T15:56:08Z	card0,0,0,0,N/A,0;;
2026-08-03T15:56:09Z	card0,0,0,0,N/A,0;;
2026-08-03T15:56:10Z	card0,2,0,0,N/A,0;;
2026-08-03T15:56:11Z	card0,1,0,0,N/A,0;;
2026-08-03T15:56:13Z	card0,0,0,0,N/A,0;;
2026-08-03T15:56:14Z	card0,0,0,0,N/A,0;;
2026-08-03T15:56:15Z	card0,0,0,0,N/A,0;;
2026-08-03T15:56:16Z	card0,0,0,0,N/A,0;;
2026-08-03T15:56:18Z	card0,0,0,0,N/A,0;;
2026-08-03T15:56:19Z	card0,2,0,0,N/A,0;;
2026-08-03T15:56:20Z	card0,1,0,0,N/A,0;;
2026-08-03T15:56:21Z	card0,0,0,0,N/A,0;;
2026-08-03T15:56:23Z	card0,3,1,0,N/A,0;;
2026-08-03T15:56:24Z	card0,1,1,0,N/A,0;;
2026-08-03T15:56:25Z	card0,0,1,0,N/A,0;;
2026-08-03T15:56:26Z	card0,0,1,0,N/A,0;;
2026-08-03T15:56:27Z	card0,0,1,0,N/A,0;;
2026-08-03T15:56:29Z	card0,0,1,0,N/A,0;;
2026-08-03T15:56:30Z	card0,0,1,0,N/A,0;;
2026-08-03T15:56:31Z	card0,0,1,0,N/A,0;;
2026-08-03T15:56:32Z	card0,0,1,0,N/A,0;;
2026-08-03T15:56:33Z	card0,0,1,0,N/A,0;;
2026-08-03T15:56:34Z	card0,0,1,0,N/A,0;;
2026-08-03T15:56:35Z	card0,0,1,0,N/A,0;;
2026-08-03T15:56:36Z	card0,0,1,0,N/A,0;;
2026-08-03T15:56:38Z	card0,0,1,0,N/A,0;;
2026-08-03T15:56:39Z	card0,0,1,0,N/A,0;;
2026-08-03T15:56:40Z	card0,0,1,0,N/A,0;;
2026-08-03T15:56:41Z	card0,0,1,0,N/A,0;;
2026-08-03T15:56:42Z	card0,0,1,0,N/A,0;;
2026-08-03T15:56:43Z	card0,0,1,0,N/A,0;;
2026-08-03T15:56:44Z	card0,0,1,0,N/A,0;;
2026-08-03T15:56:46Z	card0,0,1,0,N/A,0;;
2026-08-03T15:56:47Z	card0,0,1,0,N/A,0;;
2026-08-03T15:56:48Z	card0,0,1,0,N/A,0;;
2026-08-03T15:56:49Z	card0,0,1,0,N/A,0;;
2026-08-03T15:56:50Z	card0,0,1,0,N/A,0;;
2026-08-03T15:56:51Z	card0,0,1,0,N/A,0;;
2026-08-03T15:56:52Z	card0,0,1,0,N/A,0;;
2026-08-03T15:56:53Z	card0,0,1,0,N/A,0;;
2026-08-03T15:56:55Z	card0,0,1,0,N/A,0;;
2026-08-03T15:56:56Z	card0,0,1,0,N/A,0;;
2026-08-03T15:56:57Z	card0,0,1,0,N/A,0;;
2026-08-03T15:56:58Z	card0,0,1,0,N/A,0;;
2026-08-03T15:56:59Z	card0,0,1,0,N/A,0;;
2026-08-03T15:57:00Z	card0,0,1,0,N/A,0;;
2026-08-03T15:57:01Z	card0,0,1,0,N/A,0;;
2026-08-03T15:57:02Z	card0,0,1,0,N/A,0;;
2026-08-03T15:57:04Z	card0,0,1,0,N/A,0;;
2026-08-03T15:57:05Z	card0,0,1,0,N/A,0;;
2026-08-03T15:57:06Z	card0,0,1,0,N/A,0;;
2026-08-03T15:57:07Z	card0,0,1,0,N/A,0;;
2026-08-03T15:57:08Z	card0,0,1,0,N/A,0;;
2026-08-03T15:57:09Z	card0,0,1,0,N/A,0;;
2026-08-03T15:57:10Z	card0,0,1,0,N/A,0;;
2026-08-03T15:57:12Z	card0,0,1,0,N/A,0;;
2026-08-03T15:57:13Z	card0,0,1,0,N/A,0;;
2026-08-03T15:57:14Z	card0,0,1,0,N/A,0;;
2026-08-03T15:57:15Z	card0,0,1,0,N/A,0;;
2026-08-03T15:57:16Z	card0,0,1,0,N/A,0;;
2026-08-03T15:57:17Z	card0,0,1,0,N/A,0;;
2026-08-03T15:57:18Z	card0,0,1,0,N/A,0;;
2026-08-03T15:57:19Z	card0,0,1,0,N/A,0;;
2026-08-03T15:57:21Z	card0,0,1,0,N/A,0;;
2026-08-03T15:57:22Z	card0,0,1,0,N/A,0;;
2026-08-03T15:57:23Z	card0,0,1,0,N/A,0;;
2026-08-03T15:57:24Z	card0,0,1,0,N/A,0;;
2026-08-03T15:57:25Z	card0,0,1,0,N/A,0;;
2026-08-03T15:57:26Z	card0,0,1,0,N/A,0;;
2026-08-03T15:57:27Z	card0,0,1,0,N/A,0;;
2026-08-03T15:57:29Z	card0,0,1,0,N/A,0;;
2026-08-03T15:57:30Z	card0,0,1,0,N/A,0;;
2026-08-03T15:57:31Z	card0,0,1,0,N/A,0;;
2026-08-03T15:57:32Z	card0,0,1,0,N/A,0;;
2026-08-03T15:57:33Z	card0,0,1,0,N/A,0;;
2026-08-03T15:57:34Z	card0,0,1,0,N/A,0;;
2026-08-03T15:57:35Z	card0,0,1,0,N/A,0;;
2026-08-03T15:57:36Z	card0,0,1,0,N/A,0;;
2026-08-03T15:57:38Z	card0,0,1,0,N/A,0;;
2026-08-03T15:57:39Z	card0,0,1,0,N/A,0;;
2026-08-03T15:57:40Z	card0,0,1,0,N/A,0;;
2026-08-03T15:57:41Z	card0,0,1,0,N/A,0;;
2026-08-03T15:57:42Z	card0,0,1,0,N/A,0;;
2026-08-03T15:57:43Z	card0,0,1,0,N/A,0;;
2026-08-03T15:57:44Z	card0,0,1,0,N/A,0;;
2026-08-03T15:57:45Z	card0,0,1,0,N/A,0;;
2026-08-03T15:57:47Z	card0,0,1,0,N/A,0;;
2026-08-03T15:57:48Z	card0,0,1,0,N/A,0;;
2026-08-03T15:57:49Z	card0,0,1,0,N/A,0;;
2026-08-03T15:57:50Z	card0,0,1,0,N/A,0;;
2026-08-03T15:57:51Z	card0,0,1,0,N/A,0;;
2026-08-03T15:57:52Z	card0,0,1,0,N/A,0;;
2026-08-03T15:57:53Z	card0,0,1,0,N/A,0;;
2026-08-03T15:57:55Z	card0,0,1,0,N/A,0;;
2026-08-03T15:57:56Z	card0,0,1,0,N/A,0;;
2026-08-03T15:57:57Z	card0,0,1,0,N/A,0;;
2026-08-03T15:57:58Z	card0,0,1,0,N/A,0;;
2026-08-03T15:57:59Z	card0,0,1,0,N/A,0;;
2026-08-03T15:58:00Z	card0,0,1,0,N/A,0;;
2026-08-03T15:58:01Z	card0,0,1,0,N/A,0;;
2026-08-03T15:58:02Z	card0,1,1,0,N/A,0;;
2026-08-03T15:58:04Z	card0,1,1,0,N/A,0;;
2026-08-03T15:58:05Z	card0,3,1,0,N/A,0;;
2026-08-03T15:58:06Z	card0,0,2,0,N/A,0;;
2026-08-03T15:58:07Z	card0,0,2,0,N/A,0;;
2026-08-03T15:58:08Z	card0,0,2,0,N/A,0;;
2026-08-03T15:58:09Z	card0,0,2,0,N/A,0;;
2026-08-03T15:58:10Z	card0,0,2,0,N/A,0;;
2026-08-03T15:58:12Z	card0,0,2,0,N/A,0;;
2026-08-03T15:58:13Z	card0,0,2,0,N/A,0;;
2026-08-03T15:58:14Z	card0,0,2,0,N/A,0;;
2026-08-03T15:58:15Z	card0,0,2,0,N/A,0;;
2026-08-03T15:58:16Z	card0,0,2,0,N/A,0;;
2026-08-03T15:58:17Z	card0,0,2,0,N/A,0;;
2026-08-03T15:58:18Z	card0,0,2,0,N/A,0;;
2026-08-03T15:58:19Z	card0,0,2,0,N/A,0;;
2026-08-03T15:58:21Z	card0,0,2,0,N/A,0;;
2026-08-03T15:58:22Z	card0,0,2,0,N/A,0;;
2026-08-03T15:58:23Z	card0,0,2,0,N/A,0;;
2026-08-03T15:58:24Z	card0,0,2,0,N/A,0;;
2026-08-03T15:58:25Z	card0,0,2,0,N/A,0;;
2026-08-03T15:58:26Z	card0,72,2,0,N/A,0;;
2026-08-03T15:58:27Z	card0,92,2,0,N/A,0;;
2026-08-03T15:58:28Z	card0,92,2,0,N/A,0;;
2026-08-03T15:58:30Z	card0,79,2,0,N/A,0;;
2026-08-03T15:58:31Z	card0,2,2,0,N/A,0;;
2026-08-03T15:58:32Z	card0,2,1,0,N/A,0;;
